tick,host_id,vm_id,cpu,ram,network,total_host_cpu,total_host_ram,host_cpu_capacity,overloaded
1,Host_1,VM_01,57.9,53.43,54.0,71.17,52.19,80,0
1,Host_1,VM_06,65.83,55.27,47.62,71.17,52.19,80,0
1,Host_1,VM_11,87.16,38.56,39.48,71.17,52.19,80,0
1,Host_1,VM_16,73.78,61.52,11.88,71.17,52.19,80,0
1,Host_2,VM_02,47.97,44.96,41.82,69.44,51.81,90,0
1,Host_2,VM_07,70.18,50.77,26.91,69.44,51.81,90,0
1,Host_2,VM_12,59.63,55.5,46.9,69.44,51.81,90,0
1,Host_2,VM_17,100,56.03,33.43,69.44,51.81,90,0
1,Host_3,VM_03,27.3,38.32,43.2,40.6,42.92,70,0
1,Host_3,VM_08,36.42,46.79,62.29,40.6,42.92,70,0
1,Host_3,VM_13,70.57,53.89,45.47,40.6,42.92,70,0
1,Host_3,VM_18,28.12,32.7,27.42,40.6,42.92,70,0
1,Host_4,VM_04,71.92,52.38,4.16,53.34,46.58,85,0
1,Host_4,VM_09,50.11,43.37,62.05,53.34,46.58,85,0
1,Host_4,VM_14,37.48,41.86,33.88,53.34,46.58,85,0
1,Host_4,VM_19,53.85,48.71,34.25,53.34,46.58,85,0
1,Host_5,VM_05,51.81,44.73,15.39,50.74,43.82,95,0
1,Host_5,VM_10,46.61,40.48,29.97,50.74,43.82,95,0
1,Host_5,VM_15,60.6,48.35,65.96,50.74,43.82,95,0
1,Host_5,VM_20,43.92,41.72,37.88,50.74,43.82,95,0
2,Host_1,VM_01,50.51,56.53,45.67,60.34,51.26,80,0
2,Host_1,VM_06,49.99,50.31,51.65,60.34,51.26,80,0
2,Host_1,VM_11,70.61,39.28,39.07,60.34,51.26,80,0
2,Host_1,VM_16,70.27,58.92,2.16,60.34,51.26,80,0
2,Host_2,VM_02,49.23,37.98,49.47,61.03,49.08,90,0
2,Host_2,VM_07,72.3,52.72,32.02,61.03,49.08,90,0
2,Host_2,VM_12,60.28,52.52,50.1,61.03,49.08,90,0
2,Host_2,VM_17,62.32,53.08,33.6,61.03,49.08,90,0
2,Host_3,VM_03,41.02,34.74,49.98,49.46,41.7,70,0
2,Host_3,VM_08,36.11,42.29,72.35,49.46,41.7,70,0
2,Host_3,VM_13,93.52,54.92,47.06,49.46,41.7,70,0
2,Host_3,VM_18,27.19,34.84,34.36,49.46,41.7,70,0
2,Host_4,VM_04,86.81,53.28,5.54,66.52,45.36,85,0
2,Host_4,VM_09,76.65,40.88,55.27,66.52,45.36,85,0
2,Host_4,VM_14,37.61,37.95,38.92,66.52,45.36,85,0
2,Host_4,VM_19,65.01,49.34,40.1,66.52,45.36,85,0
2,Host_5,VM_05,66.58,53.75,16.9,60.72,46.85,95,0
2,Host_5,VM_10,48.15,38.68,28.45,60.72,46.85,95,0
2,Host_5,VM_15,94.29,58.12,75.3,60.72,46.85,95,0
2,Host_5,VM_20,33.89,36.86,42.72,60.72,46.85,95,0
3,Host_1,VM_01,52.87,53.02,50.6,52.1,51.2,80,0
3,Host_1,VM_06,53.43,51.27,52.93,52.1,51.2,80,0
3,Host_1,VM_11,38.24,39.22,36.02,52.1,51.2,80,0
3,Host_1,VM_16,63.88,61.3,7.83,52.1,51.2,80,0
3,Host_2,VM_02,58.83,47.58,57.11,69.26,52.47,90,0
3,Host_2,VM_07,85.67,61.58,29.4,69.26,52.47,90,0
3,Host_2,VM_12,50.22,53.9,45.38,69.26,52.47,90,0
3,Host_2,VM_17,82.33,46.81,36.8,69.26,52.47,90,0
3,Host_3,VM_03,31.03,35.58,49.23,45.54,37.32,70,0
3,Host_3,VM_08,48.49,29.29,70.81,45.54,37.32,70,0
3,Host_3,VM_13,61.02,52.09,56.26,45.54,37.32,70,0
3,Host_3,VM_18,41.62,32.34,30.11,45.54,37.32,70,0
3,Host_4,VM_04,56.63,58.25,0.42,46.74,45.64,85,0
3,Host_4,VM_09,34.77,38.69,63.55,46.74,45.64,85,0
3,Host_4,VM_14,38.38,38.57,30.75,46.74,45.64,85,0
3,Host_4,VM_19,57.19,47.05,47.52,46.74,45.64,85,0
3,Host_5,VM_05,100,45.36,23.76,59.29,43.04,95,0
3,Host_5,VM_10,57.1,41.59,30.77,59.29,43.04,95,0
3,Host_5,VM_15,45.7,52.04,80.66,59.29,43.04,95,0
3,Host_5,VM_20,34.34,33.16,42.79,59.29,43.04,95,0
4,Host_1,VM_01,50.32,53.24,49.05,66.04,48.1,80,0
4,Host_1,VM_06,91.58,44.79,50.47,66.04,48.1,80,0
4,Host_1,VM_11,29.05,35.99,36.82,66.04,48.1,80,0
4,Host_1,VM_16,93.2,58.37,14.58,66.04,48.1,80,0
4,Host_2,VM_02,63.72,45.37,57.21,62.52,48.23,90,0
4,Host_2,VM_07,85.11,56.27,35.68,62.52,48.23,90,0
4,Host_2,VM_12,42.45,41.87,50.75,62.52,48.23,90,0
4,Host_2,VM_17,58.81,49.41,34.12,62.52,48.23,90,0
4,Host_3,VM_03,34.41,29.29,48.74,43.84,37.58,70,0
4,Host_3,VM_08,49.68,28.05,75.29,43.84,37.58,70,0
4,Host_3,VM_13,45.03,55.22,52.67,43.84,37.58,70,0
4,Host_3,VM_18,46.25,37.76,28.02,43.84,37.58,70,0
4,Host_4,VM_04,47.76,52.6,2.66,54.51,47.49,85,0
4,Host_4,VM_09,39.23,37.15,61.65,54.51,47.49,85,0
4,Host_4,VM_14,48.76,43.09,28.11,54.51,47.49,85,0
4,Host_4,VM_19,82.31,57.11,52.92,54.51,47.49,85,0
4,Host_5,VM_05,66.55,48.49,25.78,50.16,43.8,95,0
4,Host_5,VM_10,57.36,46.72,21.54,50.16,43.8,95,0
4,Host_5,VM_15,37.91,45.91,77.1,50.16,43.8,95,0
4,Host_5,VM_20,38.84,34.1,39.21,50.16,43.8,95,0
5,Host_1,VM_01,48.36,43.93,49.97,53.15,42.06,80,0
5,Host_1,VM_06,69.2,46.91,50.82,53.15,42.06,80,0
5,Host_1,VM_11,42.45,28.58,27.92,53.15,42.06,80,0
5,Host_1,VM_16,52.59,48.83,23.0,53.15,42.06,80,0
5,Host_2,VM_02,69.96,44.08,64.25,59.16,48.38,90,0
5,Host_2,VM_07,79.66,58.33,42.41,59.16,48.38,90,0
5,Host_2,VM_12,40.0,42.35,48.82,59.16,48.38,90,0
5,Host_2,VM_17,47.01,48.75,38.79,59.16,48.38,90,0
5,Host_3,VM_03,39.46,32.95,45.85,57.31,39.46,70,0
5,Host_3,VM_08,47.55,40.87,77.57,57.31,39.46,70,0
5,Host_3,VM_13,56.93,52.29,50.4,57.31,39.46,70,0
5,Host_3,VM_18,85.31,31.75,28.46,57.31,39.46,70,0
5,Host_4,VM_04,75.79,45.42,9.48,62.94,43.58,85,0
5,Host_4,VM_09,36.71,40.31,59.39,62.94,43.58,85,0
5,Host_4,VM_14,66.2,35.4,21.75,62.94,43.58,85,0
5,Host_4,VM_19,73.05,53.18,46.26,62.94,43.58,85,0
5,Host_5,VM_05,74.82,51.82,32.08,64.11,45.07,95,0
5,Host_5,VM_10,65.55,45.77,25.65,64.11,45.07,95,0
5,Host_5,VM_15,43.19,47.0,81.85,64.11,45.07,95,0
5,Host_5,VM_20,72.87,35.69,32.76,64.11,45.07,95,0
6,Host_1,VM_01,37.33,46.34,51.5,39.8,48.04,80,0
6,Host_1,VM_06,33.36,54.32,41.65,39.8,48.04,80,0
6,Host_1,VM_11,43.23,34.82,23.78,39.8,48.04,80,0
6,Host_1,VM_16,45.26,56.67,28.85,39.8,48.04,80,0
6,Host_2,VM_02,78.06,53.21,73.81,57.04,52.56,90,0
6,Host_2,VM_07,82.77,66.75,44.47,57.04,52.56,90,0
6,Host_2,VM_12,38.61,39.55,41.08,57.04,52.56,90,0
6,Host_2,VM_17,28.71,50.72,35.37,57.04,52.56,90,0
6,Host_3,VM_03,80.44,35.53,44.03,68.4,38.78,70,0
6,Host_3,VM_08,52.48,34.61,83.54,68.4,38.78,70,0
6,Host_3,VM_13,46.17,46.38,52.83,68.4,38.78,70,0
6,Host_3,VM_18,94.49,38.6,33.22,68.4,38.78,70,0
6,Host_4,VM_04,43.73,46.67,5.36,56.06,44.04,85,0
6,Host_4,VM_09,39.42,36.12,55.85,56.06,44.04,85,0
6,Host_4,VM_14,63.62,37.41,13.32,56.06,44.04,85,0
6,Host_4,VM_19,77.46,55.97,48.52,56.06,44.04,85,0
6,Host_5,VM_05,81.44,53.3,27.47,67.37,43.5,95,0
6,Host_5,VM_10,100,45.99,19.25,67.37,43.5,95,0
6,Host_5,VM_15,34.69,39.43,92.69,67.37,43.5,95,0
6,Host_5,VM_20,53.35,35.28,24.01,67.37,43.5,95,0
7,Host_1,VM_01,33.37,45.26,54.76,39.44,40.31,80,0
7,Host_1,VM_06,31.72,37.85,34.67,39.44,40.31,80,0
7,Host_1,VM_11,44.23,30.13,32.38,39.44,40.31,80,0
7,Host_1,VM_16,48.45,48.03,19.48,39.44,40.31,80,0
7,Host_2,VM_02,84.01,51.07,70.72,68.91,53.81,90,0
7,Host_2,VM_07,81.8,64.83,44.44,68.91,53.81,90,0
7,Host_2,VM_12,36.92,44.38,46.19,68.91,53.81,90,0
7,Host_2,VM_17,72.91,54.94,40.91,68.91,53.81,90,0
7,Host_3,VM_03,45.04,35.65,51.32,59.27,39.07,70,0
7,Host_3,VM_08,62.82,36.76,81.22,59.27,39.07,70,0
7,Host_3,VM_13,67.15,47.32,45.6,59.27,39.07,70,0
7,Host_3,VM_18,62.09,36.56,27.82,59.27,39.07,70,0
7,Host_4,VM_04,32.45,48.24,1.96,63.64,47.31,85,0
7,Host_4,VM_09,46.51,35.53,50.94,63.64,47.31,85,0
7,Host_4,VM_14,75.62,51.15,5.11,63.64,47.31,85,0
7,Host_4,VM_19,100,54.32,56.53,63.64,47.31,85,0
7,Host_5,VM_05,81.88,45.27,29.49,74.32,40.93,95,0
7,Host_5,VM_10,81.33,44.03,27.8,74.32,40.93,95,0
7,Host_5,VM_15,76.89,32.31,100,74.32,40.93,95,0
7,Host_5,VM_20,57.17,42.12,21.69,74.32,40.93,95,0
8,Host_1,VM_01,39.33,46.32,61.92,36.37,41.57,80,0
8,Host_1,VM_06,30.49,43.47,33.06,36.37,41.57,80,0
8,Host_1,VM_11,51.9,33.23,39.96,36.37,41.57,80,0
8,Host_1,VM_16,23.78,43.28,12.49,36.37,41.57,80,0
8,Host_2,VM_02,94.74,56.27,75.0,66.06,50.72,90,0
8,Host_2,VM_07,100,67.68,54.8,66.06,50.72,90,0
8,Host_2,VM_12,35.36,36.63,44.07,66.06,50.72,90,0
8,Host_2,VM_17,34.13,42.31,34.7,66.06,50.72,90,0
8,Host_3,VM_03,100,34.05,44.85,69.48,41.57,70,0
8,Host_3,VM_08,64.04,39.32,81.52,69.48,41.57,70,0
8,Host_3,VM_13,42.26,49.71,55.36,69.48,41.57,70,0
8,Host_3,VM_18,71.62,43.21,34.2,69.48,41.57,70,0
8,Host_4,VM_04,43.22,46.11,0,70.27,45.38,85,0
8,Host_4,VM_09,52.59,34.96,51.26,70.27,45.38,85,0
8,Host_4,VM_14,100,44.33,4.41,70.27,45.38,85,0
8,Host_4,VM_19,85.27,56.13,52.86,70.27,45.38,85,0
8,Host_5,VM_05,78.39,54.62,39.42,66.38,48.07,95,0
8,Host_5,VM_10,88.75,57.83,28.53,66.38,48.07,95,0
8,Host_5,VM_15,39.17,38.99,100,66.38,48.07,95,0
8,Host_5,VM_20,59.23,40.84,27.41,66.38,48.07,95,0
9,Host_1,VM_01,45.79,39.01,66.48,50.16,38.77,80,0
9,Host_1,VM_06,37.78,38.97,32.94,50.16,38.77,80,0
9,Host_1,VM_11,80.88,32.94,40.69,50.16,38.77,80,0
9,Host_1,VM_16,36.21,44.16,3.7,50.16,38.77,80,0
9,Host_2,VM_02,85.68,54.38,80.51,61.3,52.21,90,0
9,Host_2,VM_07,81.51,67.02,54.07,61.3,52.21,90,0
9,Host_2,VM_12,42.23,43.77,46.83,61.3,52.21,90,0
9,Host_2,VM_17,35.77,43.68,34.54,61.3,52.21,90,0
9,Host_3,VM_03,62.37,35.63,44.52,62.55,40.19,70,0
9,Host_3,VM_08,74.37,41.96,85.07,62.55,40.19,70,0
9,Host_3,VM_13,38.99,44.73,53.53,62.55,40.19,70,0
9,Host_3,VM_18,74.49,38.46,29.09,62.55,40.19,70,0
9,Host_4,VM_04,34.67,40.79,0,67.84,44.18,85,0
9,Host_4,VM_09,56.32,28.32,46.49,67.84,44.18,85,0
9,Host_4,VM_14,92.13,46.26,9.92,67.84,44.18,85,0
9,Host_4,VM_19,88.26,61.35,58.99,67.84,44.18,85,0
9,Host_5,VM_05,75.87,63.91,48.02,68.9,50.85,95,0
9,Host_5,VM_10,86.38,58.41,23.33,68.9,50.85,95,0
9,Host_5,VM_15,42.41,40.05,96.91,68.9,50.85,95,0
9,Host_5,VM_20,70.94,41.04,23.97,68.9,50.85,95,0
10,Host_1,VM_01,34.24,35.01,63.67,50.99,39.24,80,0
10,Host_1,VM_06,46.57,38.85,28.12,50.99,39.24,80,0
10,Host_1,VM_11,64.92,38.81,46.05,50.99,39.24,80,0
10,Host_1,VM_16,58.22,44.28,9.08,50.99,39.24,80,0
10,Host_2,VM_02,85.21,60.2,80.05,57.58,53.28,90,0
10,Host_2,VM_07,70.33,68.56,63.15,57.58,53.28,90,0
10,Host_2,VM_12,44.85,39.77,48.5,57.58,53.28,90,0
10,Host_2,VM_17,29.91,44.6,31.6,57.58,53.28,90,0
10,Host_3,VM_03,68.66,36.04,41.18,66.3,41.84,70,0
10,Host_3,VM_08,72.01,46.76,86.47,66.3,41.84,70,0
10,Host_3,VM_13,38.25,39.31,57.57,66.3,41.84,70,0
10,Host_3,VM_18,86.3,45.27,35.95,66.3,41.84,70,0
10,Host_4,VM_04,39.85,42.14,0,67.91,46.12,85,0
10,Host_4,VM_09,65.58,34.17,44.2,67.91,46.12,85,0
10,Host_4,VM_14,88.27,42.93,9.18,67.91,46.12,85,0
10,Host_4,VM_19,77.94,65.25,64.47,67.91,46.12,85,0
10,Host_5,VM_05,85.05,56.26,53.96,70.27,51.03,95,0
10,Host_5,VM_10,83.56,62.88,30.4,70.27,51.03,95,0
10,Host_5,VM_15,37.72,41.32,100,70.27,51.03,95,0
10,Host_5,VM_20,74.73,43.66,30.66,70.27,51.03,95,0
11,Host_1,VM_01,48.05,29.05,61.45,50.55,38.99,80,0
11,Host_1,VM_06,38.87,36.16,30.89,50.55,38.99,80,0
11,Host_1,VM_11,73.76,42.44,41.36,50.55,38.99,80,0
11,Host_1,VM_16,41.52,48.33,11.29,50.55,38.99,80,0
11,Host_2,VM_02,72.75,57.23,75.02,54.22,49.44,90,0
11,Host_2,VM_07,61.62,62.21,71.78,54.22,49.44,90,0
11,Host_2,VM_12,39.93,38.63,57.55,54.22,49.44,90,0
11,Host_2,VM_17,42.58,39.69,35.42,54.22,49.44,90,0
11,Host_3,VM_03,70.77,45.81,45.6,70.52,48.08,70,0
11,Host_3,VM_08,84.08,49.42,88.94,70.52,48.08,70,0
11,Host_3,VM_13,40.35,45.61,68.42,70.52,48.08,70,0
11,Host_3,VM_18,86.89,51.49,39.71,70.52,48.08,70,0
11,Host_4,VM_04,33.83,43.66,0,64.56,47.51,85,0
11,Host_4,VM_09,64.07,36.35,38.33,64.56,47.51,85,0
11,Host_4,VM_14,81.09,46.65,4.37,64.56,47.51,85,0
11,Host_4,VM_19,79.24,63.37,62.35,64.56,47.51,85,0
11,Host_5,VM_05,78.32,56.8,57.78,73.88,48.93,95,0
11,Host_5,VM_10,88.53,57.64,33.46,73.88,48.93,95,0
11,Host_5,VM_15,50.26,38.68,100,73.88,48.93,95,0
11,Host_5,VM_20,78.43,42.59,32.62,73.88,48.93,95,0
12,Host_1,VM_01,57.27,34.71,49.93,53.59,40.06,80,0
12,Host_1,VM_06,53.37,39.1,35.83,53.59,40.06,80,0
12,Host_1,VM_11,65.35,39.0,51.72,53.59,40.06,80,0
12,Host_1,VM_16,38.37,47.44,4.51,53.59,40.06,80,0
12,Host_2,VM_02,68.06,61.61,72.53,56.66,47.44,90,0
12,Host_2,VM_07,64.63,65.3,81.57,56.66,47.44,90,0
12,Host_2,VM_12,55.91,26.38,57.4,56.66,47.44,90,0
12,Host_2,VM_17,38.05,36.46,40.78,56.66,47.44,90,0
12,Host_3,VM_03,82.62,38.35,50.94,72.27,42.65,70,0
12,Host_3,VM_08,85.96,44.41,91.49,72.27,42.65,70,0
12,Host_3,VM_13,43.44,42.3,63.21,72.27,42.65,70,0
12,Host_3,VM_18,77.07,45.56,32.89,72.27,42.65,70,0
12,Host_4,VM_04,49.94,38.76,0,71.64,46.69,85,0
12,Host_4,VM_09,81.19,33.9,48.07,71.64,46.69,85,0
12,Host_4,VM_14,84.61,54.7,0,71.64,46.69,85,0
12,Host_4,VM_19,70.83,59.41,72.77,71.64,46.69,85,0
12,Host_5,VM_05,100,59.85,68.98,75.25,49.33,95,0
12,Host_5,VM_10,77.9,67.57,29.93,75.25,49.33,95,0
12,Host_5,VM_15,45.11,31.3,100,75.25,49.33,95,0
12,Host_5,VM_20,77.98,38.61,24.5,75.25,49.33,95,0
13,Host_1,VM_01,55.12,34.56,48.37,67.26,39.01,80,0
13,Host_1,VM_06,79.57,32.01,39.63,67.26,39.01,80,0
13,Host_1,VM_11,78.15,48.74,53.11,67.26,39.01,80,0
13,Host_1,VM_16,56.21,40.75,0,67.26,39.01,80,0
13,Host_2,VM_02,62.46,61.71,68.22,53.38,47.81,90,0
13,Host_2,VM_07,47.12,60.41,83.66,53.38,47.81,90,0
13,Host_2,VM_12,49.01,32.25,56.81,53.38,47.81,90,0
13,Host_2,VM_17,54.92,36.89,35.9,53.38,47.81,90,0
13,Host_3,VM_03,80.89,44.09,53.49,74.68,44.06,70,0
13,Host_3,VM_08,84.95,49.01,91.74,74.68,44.06,70,0
13,Host_3,VM_13,48.17,35.02,67.7,74.68,44.06,70,0
13,Host_3,VM_18,84.72,48.1,27.33,74.68,44.06,70,0
13,Host_4,VM_04,44.17,38.06,0,71.39,44.95,85,0
13,Host_4,VM_09,78.43,33.01,51.08,71.39,44.95,85,0
13,Host_4,VM_14,100,47.7,0,71.39,44.95,85,0
13,Host_4,VM_19,62.98,61.01,71.45,71.39,44.95,85,0
13,Host_5,VM_05,70.24,67.02,68.64,80.57,51.86,95,0
13,Host_5,VM_10,100,60.14,23.09,80.57,51.86,95,0
13,Host_5,VM_15,62.05,35.68,100,80.57,51.86,95,0
13,Host_5,VM_20,89.97,44.61,17.22,80.57,51.86,95,0
14,Host_1,VM_01,88.31,32.58,40.57,72.74,35.37,80,0
14,Host_1,VM_06,63.7,30.27,37.08,72.74,35.37,80,0
14,Host_1,VM_11,86.82,40.32,54.06,72.74,35.37,80,0
14,Host_1,VM_16,52.14,38.32,0,72.74,35.37,80,0
14,Host_2,VM_02,65.14,66.76,77.83,59.05,51.81,90,0
14,Host_2,VM_07,42.6,67.64,79.03,59.05,51.81,90,0
14,Host_2,VM_12,69.5,31.47,64.31,59.05,51.81,90,0
14,Host_2,VM_17,58.95,41.36,42.31,59.05,51.81,90,0
14,Host_3,VM_03,84.8,44.38,46.44,81.26,47.52,70,1
14,Host_3,VM_08,100,51.0,90.57,81.26,47.52,70,1
14,Host_3,VM_13,55.09,38.13,75.39,81.26,47.52,70,1
14,Host_3,VM_18,85.15,56.58,27.72,81.26,47.52,70,1
14,Host_4,VM_04,61.26,40.05,2.28,72.55,50.85,85,0
14,Host_4,VM_09,78.65,39.93,45.66,72.55,50.85,85,0
14,Host_4,VM_14,85.72,54.58,0,72.55,50.85,85,0
14,Host_4,VM_19,64.58,68.83,65.45,72.55,50.85,85,0
14,Host_5,VM_05,100,68.64,71.9,86.48,53.06,95,1
14,Host_5,VM_10,100,64.95,14.67,86.48,53.06,95,1
14,Host_5,VM_15,65.54,35.13,100,86.48,53.06,95,1
14,Host_5,VM_20,80.39,43.52,11.59,86.48,53.06,95,1
15,Host_1,VM_01,100,37.48,47.05,80.99,38.4,80,0
15,Host_1,VM_06,71.56,30.3,38.05,80.99,38.4,80,0
15,Host_1,VM_11,92.36,50.25,65.46,80.99,38.4,80,0
15,Host_1,VM_16,60.04,35.58,0,80.99,38.4,80,0
15,Host_2,VM_02,66.45,63.6,70.86,62.35,47.88,90,0
15,Host_2,VM_07,38.25,64.8,73.34,62.35,47.88,90,0
15,Host_2,VM_12,76.19,29.85,59.3,62.35,47.88,90,0
15,Host_2,VM_17,68.51,33.28,43.95,62.35,47.88,90,0
15,Host_3,VM_03,79.86,41.86,44.08,83.03,48.77,70,1
15,Host_3,VM_08,73.2,56.26,96.45,83.03,48.77,70,1
15,Host_3,VM_13,100,40.55,76.26,83.03,48.77,70,1
15,Host_3,VM_18,79.07,56.4,32.93,83.03,48.77,70,1
15,Host_4,VM_04,90.76,31.72,3.04,83.11,52.04,85,0
15,Host_4,VM_09,82.1,46.37,54.25,83.11,52.04,85,0
15,Host_4,VM_14,80.04,62.43,0,83.11,52.04,85,0
15,Host_4,VM_19,79.53,67.66,60.89,83.11,52.04,85,0
15,Host_5,VM_05,54.63,60.49,80.89,72.68,53.33,95,0
15,Host_5,VM_10,62.64,58.71,6.06,72.68,53.33,95,0
15,Host_5,VM_15,73.46,41.74,90.18,72.68,53.33,95,0
15,Host_5,VM_20,100,52.39,13.47,72.68,53.33,95,0
16,Host_1,VM_01,72.14,30.58,54.42,73.26,34.96,80,0
16,Host_1,VM_06,73.53,34.01,35.61,73.26,34.96,80,0
16,Host_1,VM_11,83.24,35.85,64.99,73.26,34.96,80,0
16,Host_1,VM_16,64.12,39.41,5.71,73.26,34.96,80,0
16,Host_2,VM_02,62.06,65.92,72.04,64.81,51.68,90,0
16,Host_2,VM_07,40.86,61.17,69.91,64.81,51.68,90,0
16,Host_2,VM_12,80.12,39.21,58.11,64.81,51.68,90,0
16,Host_2,VM_17,76.19,40.4,48.79,64.81,51.68,90,0
16,Host_3,VM_03,82.41,48.55,55.84,73.64,50.02,70,0
16,Host_3,VM_08,70.36,57.95,100,73.64,50.02,70,0
16,Host_3,VM_13,67.09,35.68,68.41,73.64,50.02,70,0
16,Host_3,VM_18,74.72,57.91,29.72,73.64,50.02,70,0
16,Host_4,VM_04,72.17,36.45,8.6,75.73,47.8,85,0
16,Host_4,VM_09,80.85,39.54,60.87,75.73,47.8,85,0
16,Host_4,VM_14,75.26,55.69,0,75.73,47.8,85,0
16,Host_4,VM_19,74.62,59.52,55.57,75.73,47.8,85,0
16,Host_5,VM_05,51.1,62.96,73.6,66.41,51.77,95,0
16,Host_5,VM_10,50.81,62.07,17.13,66.41,51.77,95,0
16,Host_5,VM_15,80.17,34.3,84.13,66.41,51.77,95,0
16,Host_5,VM_20,83.56,47.76,18.25,66.41,51.77,95,0
17,Host_1,VM_01,100,35.75,56.65,80.19,38.05,80,0
17,Host_1,VM_06,79.5,32.13,42.86,80.19,38.05,80,0
17,Host_1,VM_11,77.44,45.4,61.05,80.19,38.05,80,0
17,Host_1,VM_16,63.82,38.91,11.68,80.19,38.05,80,0
17,Host_2,VM_02,40.42,63.84,71.8,59.31,49.35,90,0
17,Host_2,VM_07,26.56,61.78,75.73,59.31,49.35,90,0
17,Host_2,VM_12,84.69,36.56,51.55,59.31,49.35,90,0
17,Host_2,VM_17,85.57,35.23,45.61,59.31,49.35,90,0
17,Host_3,VM_03,100,52.71,62.76,83.07,52.08,70,1
17,Host_3,VM_08,64.42,59.81,93.97,83.07,52.08,70,1
17,Host_3,VM_13,67.88,37.93,78.11,83.07,52.08,70,1
17,Host_3,VM_18,100,57.86,22.31,83.07,52.08,70,1
17,Host_4,VM_04,74.08,42.27,6.8,64.39,55.2,85,0
17,Host_4,VM_09,81.04,52.55,65.09,64.39,55.2,85,0
17,Host_4,VM_14,67.33,60.19,0,64.39,55.2,85,0
17,Host_4,VM_19,35.11,65.81,53.51,64.39,55.2,85,0
17,Host_5,VM_05,75.79,65.13,67.84,79.73,54.23,95,0
17,Host_5,VM_10,50.67,65.81,7.35,79.73,54.23,95,0
17,Host_5,VM_15,92.48,38.0,85.37,79.73,54.23,95,0
17,Host_5,VM_20,100,47.98,9.36,79.73,54.23,95,0
18,Host_1,VM_01,84.68,36.01,55.74,82.13,39.68,80,0
18,Host_1,VM_06,85.21,40.35,41.54,82.13,39.68,80,0
18,Host_1,VM_11,81.75,45.22,55.93,82.13,39.68,80,0
18,Host_1,VM_16,76.88,37.15,2.33,82.13,39.68,80,0
18,Host_2,VM_02,38.17,57.21,80.14,59.28,43.21,90,0
18,Host_2,VM_07,42.04,54.29,76.68,59.28,43.21,90,0
18,Host_2,VM_12,76.35,31.21,46.96,59.28,43.21,90,0
18,Host_2,VM_17,80.54,30.13,46.0,59.28,43.21,90,0
18,Host_3,VM_03,73.54,53.44,71.96,69.82,52.8,70,0
18,Host_3,VM_08,64.16,60.24,99.89,69.82,52.8,70,0
18,Host_3,VM_13,75.22,35.09,71.78,69.82,52.8,70,0
18,Host_3,VM_18,66.34,62.44,17.07,69.82,52.8,70,0
18,Host_4,VM_04,83.95,35.3,9.27,74.03,54.27,85,0
18,Host_4,VM_09,91.63,48.89,58.32,74.03,54.27,85,0
18,Host_4,VM_14,85.68,65.39,3.41,74.03,54.27,85,0
18,Host_4,VM_19,34.84,67.48,48.78,74.03,54.27,85,0
18,Host_5,VM_05,39.49,68.29,61.01,63.26,57.06,95,0
18,Host_5,VM_10,50.23,68.27,8.72,63.26,57.06,95,0
18,Host_5,VM_15,86.76,38.49,95.63,63.26,57.06,95,0
18,Host_5,VM_20,76.58,53.18,4.03,63.26,57.06,95,0
19,Host_1,VM_01,80.26,38.51,52.46,87.66,39.12,80,1
19,Host_1,VM_06,90.72,29.66,38.31,87.66,39.12,80,1
19,Host_1,VM_11,100,51.87,64.69,87.66,39.12,80,1
19,Host_1,VM_16,79.68,36.43,6.0,87.66,39.12,80,1
19,Host_2,VM_02,41.12,61.69,76.93,62.26,47.05,90,0
19,Host_2,VM_07,34.21,63.56,71.59,62.26,47.05,90,0
19,Host_2,VM_12,84.34,32.87,45.67,62.26,47.05,90,0
19,Host_2,VM_17,89.36,30.09,44.55,62.26,47.05,90,0
19,Host_3,VM_03,72.08,55.66,76.94,70.54,53.2,70,0
19,Host_3,VM_08,53.14,60.59,92.88,70.54,53.2,70,0
19,Host_3,VM_13,82.21,33.66,71.27,70.54,53.2,70,0
19,Host_3,VM_18,74.72,62.9,17.63,70.54,53.2,70,0
19,Host_4,VM_04,83.36,35.34,9.61,69.03,53.42,85,0
19,Host_4,VM_09,71.77,47.21,57.35,69.03,53.42,85,0
19,Host_4,VM_14,51.07,67.45,10.23,69.03,53.42,85,0
19,Host_4,VM_19,69.92,63.67,40.84,69.03,53.42,85,0
19,Host_5,VM_05,43.78,63.08,67.53,65.36,56.16,95,0
19,Host_5,VM_10,39.37,67.63,12.07,65.36,56.16,95,0
19,Host_5,VM_15,100,41.82,100,65.36,56.16,95,0
19,Host_5,VM_20,78.3,52.1,14.15,65.36,56.16,95,0
20,Host_1,VM_01,81.23,41.67,54.17,82.89,42.39,80,0
20,Host_1,VM_06,93.3,37.55,49.24,82.89,42.39,80,0
20,Host_1,VM_11,79.92,53.93,68.8,82.89,42.39,80,0
20,Host_1,VM_16,77.11,36.43,2.17,82.89,42.39,80,0
20,Host_2,VM_02,28.31,59.36,86.78,56.36,47.93,90,0
20,Host_2,VM_07,32.58,55.92,74.82,56.36,47.93,90,0
20,Host_2,VM_12,84.05,40.35,39.29,56.36,47.93,90,0
20,Host_2,VM_17,80.5,36.09,44.6,56.36,47.93,90,0
20,Host_3,VM_03,62.12,58.39,84.29,69.96,50.4,70,0
20,Host_3,VM_08,86.96,55.3,93.46,69.96,50.4,70,0
20,Host_3,VM_13,84.31,29.5,62.26,69.96,50.4,70,0
20,Host_3,VM_18,46.46,58.4,13.51,69.96,50.4,70,0
20,Host_4,VM_04,90.75,39.33,13.0,68.42,50.94,85,0
20,Host_4,VM_09,100,39.89,51.22,68.42,50.94,85,0
20,Host_4,VM_14,46.22,58.09,10.57,68.42,50.94,85,0
20,Host_4,VM_19,36.72,66.47,38.69,68.42,50.94,85,0
20,Host_5,VM_05,31.53,67.54,65.38,52.81,58.91,95,0
20,Host_5,VM_10,25.45,68.78,13.92,52.81,58.91,95,0
20,Host_5,VM_15,91.82,45.84,100,52.81,58.91,95,0
20,Host_5,VM_20,62.42,53.47,21.87,52.81,58.91,95,0
21,Host_1,VM_01,78.17,42.57,47.1,79.0,41.8,80,0
21,Host_1,VM_06,91.76,41.12,41.43,79.0,41.8,80,0
21,Host_1,VM_11,65.01,50.47,62.38,79.0,41.8,80,0
21,Host_1,VM_16,81.08,33.04,8.43,79.0,41.8,80,0
21,Host_2,VM_02,38.92,68.87,80.1,62.95,49.45,90,0
21,Host_2,VM_07,45.34,51.98,82.07,62.95,49.45,90,0
21,Host_2,VM_12,86.14,35.87,31.36,62.95,49.45,90,0
21,Host_2,VM_17,81.38,41.08,47.06,62.95,49.45,90,0
21,Host_3,VM_03,59.3,61.99,89.18,61.33,56.01,70,0
21,Host_3,VM_08,36.27,60.59,93.09,61.33,56.01,70,0
21,Host_3,VM_13,100,36.5,58.13,61.33,56.01,70,0
21,Host_3,VM_18,49.76,64.96,9.48,61.33,56.01,70,0
21,Host_4,VM_04,74.28,34.38,4.56,64.04,50.31,85,0
21,Host_4,VM_09,61.37,52.42,45.43,64.04,50.31,85,0
21,Host_4,VM_14,37.28,63.7,7.38,64.04,50.31,85,0
21,Host_4,VM_19,83.21,50.75,41.39,64.04,50.31,85,0
21,Host_5,VM_05,38.15,59.98,65.06,53.33,56.34,95,0
21,Host_5,VM_10,41.0,67.03,14.13,53.33,56.34,95,0
21,Host_5,VM_15,78.12,40.58,96.0,53.33,56.34,95,0
21,Host_5,VM_20,56.03,57.77,27.57,53.33,56.34,95,0
22,Host_1,VM_01,81.8,39.06,41.05,75.93,44.0,80,0
22,Host_1,VM_06,78.66,43.27,44.72,75.93,44.0,80,0
22,Host_1,VM_11,62.81,52.28,59.43,75.93,44.0,80,0
22,Host_1,VM_16,80.44,41.39,12.83,75.93,44.0,80,0
22,Host_2,VM_02,29.79,62.56,77.7,65.44,46.73,90,0
22,Host_2,VM_07,58.95,53.27,76.49,65.44,46.73,90,0
22,Host_2,VM_12,84.85,35.46,21.08,65.44,46.73,90,0
22,Host_2,VM_17,88.17,35.65,56.08,65.44,46.73,90,0
22,Host_3,VM_03,93.26,65.66,87.21,74.14,57.46,70,0
22,Host_3,VM_08,47.69,67.44,100,74.14,57.46,70,0
22,Host_3,VM_13,71.42,37.82,52.49,74.14,57.46,70,0
22,Host_3,VM_18,84.17,58.94,7.56,74.14,57.46,70,0
22,Host_4,VM_04,77.91,37.51,0,61.38,53.84,85,0
22,Host_4,VM_09,54.37,52.54,46.94,61.38,53.84,85,0
22,Host_4,VM_14,66.06,61.41,6.9,61.38,53.84,85,0
22,Host_4,VM_19,47.18,63.9,38.72,61.38,53.84,85,0
22,Host_5,VM_05,37.57,61.89,71.26,62.12,56.56,95,0
22,Host_5,VM_10,58.05,61.31,19.68,62.12,56.56,95,0
22,Host_5,VM_15,100,40.46,97.61,62.12,56.56,95,0
22,Host_5,VM_20,52.85,62.59,36.43,62.12,56.56,95,0
23,Host_1,VM_01,80.09,43.83,48.39,67.37,46.28,80,0
23,Host_1,VM_06,68.54,42.16,42.03,67.37,46.28,80,0
23,Host_1,VM_11,42.99,58.46,57.42,67.37,46.28,80,0
23,Host_1,VM_16,77.86,40.7,17.32,67.37,46.28,80,0
23,Host_2,VM_02,33.8,60.86,74.81,65.46,51.8,90,0
23,Host_2,VM_07,53.11,58.46,71.77,65.46,51.8,90,0
23,Host_2,VM_12,100,42.35,28.14,65.46,51.8,90,0
23,Host_2,VM_17,74.93,45.52,59.04,65.46,51.8,90,0
23,Host_3,VM_03,45.62,59.36,89.55,58.01,58.03,70,0
23,Host_3,VM_08,82.27,68.14,98.95,58.01,58.03,70,0
23,Host_3,VM_13,68.71,37.45,52.68,58.01,58.03,70,0
23,Host_3,VM_18,35.45,67.16,17.32,58.01,58.03,70,0
23,Host_4,VM_04,100,44.29,0,71.73,58.33,85,0
23,Host_4,VM_09,54.15,56.41,46.59,71.73,58.33,85,0
23,Host_4,VM_14,36.48,68.61,4.46,71.73,58.33,85,0
23,Host_4,VM_19,96.28,64.01,43.84,71.73,58.33,85,0
23,Host_5,VM_05,41.36,62.36,70.64,50.27,60.45,95,0
23,Host_5,VM_10,42.93,70.09,18.2,50.27,60.45,95,0
23,Host_5,VM_15,74.6,42.1,90.97,50.27,60.45,95,0
23,Host_5,VM_20,42.2,67.26,30.44,50.27,60.45,95,0
24,Host_1,VM_01,73.29,45.16,43.23,64.83,50.2,80,0
24,Host_1,VM_06,70.68,48.1,33.44,64.83,50.2,80,0
24,Host_1,VM_11,45.16,67.69,52.31,64.83,50.2,80,0
24,Host_1,VM_16,70.19,39.85,25.12,64.83,50.2,80,0
24,Host_2,VM_02,65.9,59.04,74.49,66.58,48.41,90,0
24,Host_2,VM_07,54.42,44.9,77.94,66.58,48.41,90,0
24,Host_2,VM_12,74.36,46.65,18.12,66.58,48.41,90,0
24,Host_2,VM_17,71.62,43.06,55.38,66.58,48.41,90,0
24,Host_3,VM_03,35.99,61.14,88.54,45.57,54.99,70,0
24,Host_3,VM_08,34.19,62.1,100,45.57,54.99,70,0
24,Host_3,VM_13,79.69,33.25,56.74,45.57,54.99,70,0
24,Host_3,VM_18,32.39,63.47,22.72,45.57,54.99,70,0
24,Host_4,VM_04,91.28,37.85,6.12,65.26,52.9,85,0
24,Host_4,VM_09,43.17,56.47,54.92,65.26,52.9,85,0
24,Host_4,VM_14,71.26,62.29,6.2,65.26,52.9,85,0
24,Host_4,VM_19,55.34,55.01,52.18,65.26,52.9,85,0
24,Host_5,VM_05,45.82,65.5,62.11,46.84,57.28,95,0
24,Host_5,VM_10,39.26,60.81,21.52,46.84,57.28,95,0
24,Host_5,VM_15,61.91,43.57,100,46.84,57.28,95,0
24,Host_5,VM_20,40.35,59.22,23.27,46.84,57.28,95,0
25,Host_1,VM_01,57.21,47.24,54.13,57.9,46.18,80,0
25,Host_1,VM_06,62.73,43.85,26.94,57.9,46.18,80,0
25,Host_1,VM_11,35.01,55.84,47.97,57.9,46.18,80,0
25,Host_1,VM_16,76.66,37.79,19.97,57.9,46.18,80,0
25,Host_2,VM_02,39.59,51.69,75.23,60.47,47.7,90,0
25,Host_2,VM_07,66.4,46.88,70.97,60.47,47.7,90,0
25,Host_2,VM_12,62.62,44.54,22.9,60.47,47.7,90,0
25,Host_2,VM_17,73.27,47.68,58.81,60.47,47.7,90,0
25,Host_3,VM_03,40.1,64.05,86.6,59.56,59.09,70,0
25,Host_3,VM_08,66.51,65.78,96.99,59.56,59.09,70,0
25,Host_3,VM_13,100,38.69,61.64,59.56,59.09,70,0
25,Host_3,VM_18,31.62,67.85,26.38,59.56,59.09,70,0
25,Host_4,VM_04,62.72,39.84,14.9,48.0,54.17,85,0
25,Host_4,VM_09,40.2,58.78,48.11,48.0,54.17,85,0
25,Host_4,VM_14,34.61,64.8,9.96,48.0,54.17,85,0
25,Host_4,VM_19,54.49,53.26,48.53,48.0,54.17,85,0
25,Host_5,VM_05,38.25,61.58,60.41,47.58,56.16,95,0
25,Host_5,VM_10,51.22,61.43,29.91,47.58,56.16,95,0
25,Host_5,VM_15,63.75,41.71,99.94,47.58,56.16,95,0
25,Host_5,VM_20,37.1,59.92,29.55,47.58,56.16,95,0
26,Host_1,VM_01,60.75,43.29,51.66,65.54,49.03,80,0
26,Host_1,VM_06,56.78,44.22,18.54,65.54,49.03,80,0
26,Host_1,VM_11,73.52,64.89,40.88,65.54,49.03,80,0
26,Host_1,VM_16,71.12,43.71,22.98,65.54,49.03,80,0
26,Host_2,VM_02,96.15,58.39,85.99,76.28,50.72,90,0
26,Host_2,VM_07,71.95,50.09,74.89,76.28,50.72,90,0
26,Host_2,VM_12,69.34,45.49,27.67,76.28,50.72,90,0
26,Host_2,VM_17,67.67,48.91,59.81,76.28,50.72,90,0
26,Host_3,VM_03,49.73,67.53,80.67,47.29,59.53,70,0
26,Host_3,VM_08,37.85,67.7,100,47.29,59.53,70,0
26,Host_3,VM_13,64.23,39.26,52.43,47.29,59.53,70,0
26,Host_3,VM_18,37.35,63.63,37.83,47.29,59.53,70,0
26,Host_4,VM_04,67.38,41.98,23.59,49.85,56.39,85,0
26,Host_4,VM_09,32.06,62.01,53.81,49.85,56.39,85,0
26,Host_4,VM_14,41.05,62.42,3.61,49.85,56.39,85,0
26,Host_4,VM_19,58.9,59.14,56.59,49.85,56.39,85,0
26,Host_5,VM_05,62.11,55.3,67.96,55.14,57.71,95,0
26,Host_5,VM_10,63.12,66.06,21.82,55.14,57.71,95,0
26,Host_5,VM_15,61.28,50.64,93.77,55.14,57.71,95,0
26,Host_5,VM_20,34.04,58.84,31.48,55.14,57.71,95,0
27,Host_1,VM_01,51.67,49.58,58.64,49.99,50.97,80,0
27,Host_1,VM_06,44.17,52.79,11.8,49.99,50.97,80,0
27,Host_1,VM_11,36.3,60.88,46.02,49.99,50.97,80,0
27,Host_1,VM_16,67.84,40.64,23.65,49.99,50.97,80,0
27,Host_2,VM_02,62.23,54.28,79.76,72.17,48.3,90,0
27,Host_2,VM_07,73.76,47.78,78.2,72.17,48.3,90,0
27,Host_2,VM_12,54.44,49.41,33.3,72.17,48.3,90,0
27,Host_2,VM_17,98.26,41.7,55.1,72.17,48.3,90,0
27,Host_3,VM_03,66.89,64.11,88.82,54.28,59.36,70,0
27,Host_3,VM_08,45.45,67.31,100,54.28,59.36,70,0
27,Host_3,VM_13,56.01,47.0,48.58,54.28,59.36,70,0
27,Host_3,VM_18,48.76,59.03,38.12,54.28,59.36,70,0
27,Host_4,VM_04,62.78,46.1,23.76,51.49,56.82,85,0
27,Host_4,VM_09,25.69,62.68,47.97,51.49,56.82,85,0
27,Host_4,VM_14,55.19,66.79,0,51.49,56.82,85,0
27,Host_4,VM_19,62.31,51.71,53.56,51.49,56.82,85,0
27,Host_5,VM_05,81.84,54.64,60.33,53.96,57.49,95,0
27,Host_5,VM_10,53.75,56.91,15.18,53.96,57.49,95,0
27,Host_5,VM_15,44.02,51.2,100,53.96,57.49,95,0
27,Host_5,VM_20,36.22,67.22,30.77,53.96,57.49,95,0
28,Host_1,VM_01,86.63,56.93,54.3,56.8,53.86,80,0
28,Host_1,VM_06,44.88,54.45,18.68,56.8,53.86,80,0
28,Host_1,VM_11,34.26,61.94,41.5,56.8,53.86,80,0
28,Host_1,VM_16,61.42,42.1,29.42,56.8,53.86,80,0
28,Host_2,VM_02,68.55,48.06,73.66,61.78,48.3,90,0
28,Host_2,VM_07,88.09,46.06,85.37,61.78,48.3,90,0
28,Host_2,VM_12,46.64,50.87,31.96,61.78,48.3,90,0
28,Host_2,VM_17,43.84,48.22,50.36,61.78,48.3,90,0
28,Host_3,VM_03,39.23,64.18,100,57.11,59.95,70,0
28,Host_3,VM_08,55.58,63.07,100,57.11,59.95,70,0
28,Host_3,VM_13,87.46,42.61,46.54,57.11,59.95,70,0
28,Host_3,VM_18,46.15,69.93,49.61,57.11,59.95,70,0
28,Host_4,VM_04,46.98,43.16,34.7,56.8,52.33,85,0
28,Host_4,VM_09,66.25,64.13,53.86,56.8,52.33,85,0
28,Host_4,VM_14,44.3,51.75,0,56.8,52.33,85,0
28,Host_4,VM_19,69.67,50.3,53.46,56.8,52.33,85,0
28,Host_5,VM_05,62.71,55.58,60.55,50.61,57.67,95,0
28,Host_5,VM_10,70.73,55.17,12.82,50.61,57.67,95,0
28,Host_5,VM_15,40.33,56.46,100,50.61,57.67,95,0
28,Host_5,VM_20,28.67,63.45,38.01,50.61,57.67,95,0
29,Host_1,VM_01,39.94,52.53,62.6,48.82,53.89,80,0
29,Host_1,VM_06,77.59,53.93,22.81,48.82,53.89,80,0
29,Host_1,VM_11,27.56,63.18,34.48,48.82,53.89,80,0
29,Host_1,VM_16,50.18,45.9,24.21,48.82,53.89,80,0
29,Host_2,VM_02,73.96,53.16,64.54,59.86,50.56,90,0
29,Host_2,VM_07,83.43,42.3,95.08,59.86,50.56,90,0
29,Host_2,VM_12,40.76,53.57,38.47,59.86,50.56,90,0
29,Host_2,VM_17,41.3,53.22,53.71,59.86,50.56,90,0
29,Host_3,VM_03,80.2,64.99,100,67.43,57.44,70,0
29,Host_3,VM_08,94.68,59.7,100,67.43,57.44,70,0
29,Host_3,VM_13,44.18,43.1,46.74,67.43,57.44,70,0
29,Host_3,VM_18,50.67,61.95,55.74,67.43,57.44,70,0
29,Host_4,VM_04,45.5,46.93,35.75,70.54,56.34,85,0
29,Host_4,VM_09,73.29,69.09,44.11,70.54,56.34,85,0
29,Host_4,VM_14,63.38,62.18,3.85,70.54,56.34,85,0
29,Host_4,VM_19,100,47.17,46.48,70.54,56.34,85,0
29,Host_5,VM_05,96.18,52.87,66.78,69.46,56.9,95,0
29,Host_5,VM_10,67.01,52.59,7.48,69.46,56.9,95,0
29,Host_5,VM_15,39.19,57.6,95.47,69.46,56.9,95,0
29,Host_5,VM_20,75.44,64.55,33.75,69.46,56.9,95,0
30,Host_1,VM_01,35.31,59.07,65.01,40.63,55.53,80,0
30,Host_1,VM_06,32.8,58.02,20.14,40.63,55.53,80,0
30,Host_1,VM_11,38.96,60.6,35.45,40.63,55.53,80,0
30,Host_1,VM_16,55.43,44.41,23.67,40.63,55.53,80,0
30,Host_2,VM_02,79.13,51.76,63.91,61.41,51.28,90,0
30,Host_2,VM_07,86.86,44.13,95.16,61.41,51.28,90,0
30,Host_2,VM_12,37.56,53.27,38.68,61.41,51.28,90,0
30,Host_2,VM_17,42.1,55.97,54.61,61.41,51.28,90,0
30,Host_3,VM_03,53.97,60.05,100,61.84,56.46,70,0
30,Host_3,VM_08,97.31,62.16,93.22,61.84,56.46,70,0
30,Host_3,VM_13,39.71,43.73,43.66,61.84,56.46,70,0
30,Host_3,VM_18,56.37,59.89,49.48,61.84,56.46,70,0
30,Host_4,VM_04,41.28,48.77,36.96,59.83,54.96,85,0
30,Host_4,VM_09,47.46,69.54,33.16,59.83,54.96,85,0
30,Host_4,VM_14,63.17,55.13,5.5,59.83,54.96,85,0
30,Host_4,VM_19,87.4,46.38,56.96,59.83,54.96,85,0
30,Host_5,VM_05,90.12,46.66,71.91,65.64,55.92,95,0
30,Host_5,VM_10,74.01,58.36,4.73,65.64,55.92,95,0
30,Host_5,VM_15,45.58,54.97,100,65.64,55.92,95,0
30,Host_5,VM_20,52.85,63.71,42.02,65.64,55.92,95,0
31,Host_1,VM_01,29.01,57.23,66.85,36.3,58.11,80,0
31,Host_1,VM_06,33.19,55.36,19.08,36.3,58.11,80,0
31,Host_1,VM_11,45.73,65.23,32.9,36.3,58.11,80,0
31,Host_1,VM_16,37.28,54.61,21.74,36.3,58.11,80,0
31,Host_2,VM_02,76.83,50.8,72.08,64.59,49.47,90,0
31,Host_2,VM_07,100,40.12,89.07,64.59,49.47,90,0
31,Host_2,VM_12,39.45,54.42,48.25,64.59,49.47,90,0
31,Host_2,VM_17,42.07,52.55,55.77,64.59,49.47,90,0
31,Host_3,VM_03,49.44,64.07,100,59.3,57.23,70,0
31,Host_3,VM_08,64.88,59.95,96.15,59.3,57.23,70,0
31,Host_3,VM_13,32.93,49.86,50.75,59.3,57.23,70,0
31,Host_3,VM_18,89.95,55.04,51.66,59.3,57.23,70,0
31,Host_4,VM_04,36.18,51.31,41.21,76.4,55.44,85,0
31,Host_4,VM_09,87.89,65.29,29.02,76.4,55.44,85,0
31,Host_4,VM_14,100,61.39,10.52,76.4,55.44,85,0
31,Host_4,VM_19,81.54,43.76,68.09,76.4,55.44,85,0
31,Host_5,VM_05,86.94,48.28,77.05,76.74,53.29,95,0
31,Host_5,VM_10,86.51,48.37,1.17,76.74,53.29,95,0
31,Host_5,VM_15,43.79,54.88,100,76.74,53.29,95,0
31,Host_5,VM_20,89.71,61.63,37.28,76.74,53.29,95,0
32,Host_1,VM_01,42.79,58.34,73.98,46.53,58.56,80,0
32,Host_1,VM_06,58.74,61.12,26.89,46.53,58.56,80,0
32,Host_1,VM_11,43.32,63.44,29.61,46.53,58.56,80,0
32,Host_1,VM_16,41.26,51.35,23.09,46.53,58.56,80,0
32,Host_2,VM_02,79.62,44.75,72.09,66.63,50.17,90,0
32,Host_2,VM_07,81.02,37.06,87.78,66.63,50.17,90,0
32,Host_2,VM_12,70.46,60.4,43.02,66.63,50.17,90,0
32,Host_2,VM_17,35.4,58.49,60.0,66.63,50.17,90,0
32,Host_3,VM_03,55.97,60.51,92.89,64.77,60.28,70,0
32,Host_3,VM_08,67.84,65.4,100,64.77,60.28,70,0
32,Host_3,VM_13,35.29,54.96,55.4,64.77,60.28,70,0
32,Host_3,VM_18,100,60.22,49.12,64.77,60.28,70,0
32,Host_4,VM_04,36.43,56.28,34.14,69.89,52.6,85,0
32,Host_4,VM_09,88.34,60.46,35.48,69.89,52.6,85,0
32,Host_4,VM_14,77.35,55.13,15.8,69.89,52.6,85,0
32,Host_4,VM_19,77.44,38.54,70.75,69.89,52.6,85,0
32,Host_5,VM_05,97.98,42.62,71.29,65.75,56.48,95,0
32,Host_5,VM_10,80.27,52.61,0,65.75,56.48,95,0
32,Host_5,VM_15,32.38,63.14,96.58,65.75,56.48,95,0
32,Host_5,VM_20,52.37,67.52,29.53,65.75,56.48,95,0
33,Host_1,VM_01,39.65,66.76,68.24,44.1,61.06,80,0
33,Host_1,VM_06,37.53,60.24,25.72,44.1,61.06,80,0
33,Host_1,VM_11,61.11,64.38,33.21,44.1,61.06,80,0
33,Host_1,VM_16,38.1,52.86,20.02,44.1,61.06,80,0
33,Host_2,VM_02,84.81,44.64,71.62,57.09,50.72,90,0
33,Host_2,VM_07,80.31,34.05,88.31,57.09,50.72,90,0
33,Host_2,VM_12,31.58,62.46,49.91,57.09,50.72,90,0
33,Host_2,VM_17,31.65,61.74,59.58,57.09,50.72,90,0
33,Host_3,VM_03,70.8,58.4,94.43,59.88,56.49,70,0
33,Host_3,VM_08,72.15,63.64,100,59.88,56.49,70,0
33,Host_3,VM_13,26.04,53.87,57.33,59.88,56.49,70,0
33,Host_3,VM_18,70.54,50.05,43.58,59.88,56.49,70,0
33,Host_4,VM_04,29.85,58.71,30.74,71.99,54.78,85,0
33,Host_4,VM_09,78.17,66.19,31.81,71.99,54.78,85,0
33,Host_4,VM_14,100,56.0,20.9,71.99,54.78,85,0
33,Host_4,VM_19,79.93,38.24,77.69,71.99,54.78,85,0
33,Host_5,VM_05,87.35,42.09,70.51,67.29,53.54,95,0
33,Host_5,VM_10,83.32,44.27,0,67.29,53.54,95,0
33,Host_5,VM_15,40.6,59.26,100,67.29,53.54,95,0
33,Host_5,VM_20,57.9,68.53,26.31,67.29,53.54,95,0
34,Host_1,VM_01,42.67,53.79,59.23,56.22,56.37,80,0
34,Host_1,VM_06,45.45,56.78,30.25,56.22,56.37,80,0
34,Host_1,VM_11,65.4,61.0,27.06,56.22,56.37,80,0
34,Host_1,VM_16,71.37,53.9,16.98,56.22,56.37,80,0
34,Host_2,VM_02,81.17,39.71,62.5,57.12,50.28,90,0
34,Host_2,VM_07,66.82,38.66,84.53,57.12,50.28,90,0
34,Host_2,VM_12,42.04,60.74,44.38,57.12,50.28,90,0
34,Host_2,VM_17,38.46,62.02,68.69,57.12,50.28,90,0
34,Host_3,VM_03,70.83,59.85,99.1,67.45,55.0,70,0
34,Host_3,VM_08,77.09,53.76,97.61,67.45,55.0,70,0
34,Host_3,VM_13,44.8,55.23,64.02,67.45,55.0,70,0
34,Host_3,VM_18,77.1,51.13,50.21,67.45,55.0,70,0
34,Host_4,VM_04,30.67,61.43,29.56,67.8,53.52,85,0
34,Host_4,VM_09,69.36,65.66,37.7,67.8,53.52,85,0
34,Host_4,VM_14,71.16,50.91,16.1,67.8,53.52,85,0
34,Host_4,VM_19,100,36.07,79.94,67.8,53.52,85,0
34,Host_5,VM_05,87.61,38.38,63.24,78.27,51.59,95,0
34,Host_5,VM_10,79.76,48.27,0,78.27,51.59,95,0
34,Host_5,VM_15,45.72,62.25,100,78.27,51.59,95,0
34,Host_5,VM_20,100,57.46,33.21,78.27,51.59,95,0
35,Host_1,VM_01,44.15,66.61,54.66,57.2,62.46,80,0
35,Host_1,VM_06,47.34,63.23,28.46,57.2,62.46,80,0
35,Host_1,VM_11,76.86,63.84,23.8,57.2,62.46,80,0
35,Host_1,VM_16,60.44,56.14,23.74,57.2,62.46,80,0
35,Host_2,VM_02,78.44,41.9,54.24,65.64,50.34,90,0
35,Host_2,VM_07,90.04,40.83,78.1,65.64,50.34,90,0
35,Host_2,VM_12,45.43,62.6,35.27,65.64,50.34,90,0
35,Host_2,VM_17,48.66,56.01,63.62,65.64,50.34,90,0
35,Host_3,VM_03,100,53.25,100,77.4,52.79,70,0
35,Host_3,VM_08,80.94,50.64,95.67,77.4,52.79,70,0
35,Host_3,VM_13,49.14,56.7,66.63,77.4,52.79,70,0
35,Host_3,VM_18,79.52,50.57,57.08,77.4,52.79,70,0
35,Host_4,VM_04,34.99,56.99,23.01,75.05,51.91,85,0
35,Host_4,VM_09,82.7,63.49,30.3,75.05,51.91,85,0
35,Host_4,VM_14,82.52,54.01,11.71,75.05,51.91,85,0
35,Host_4,VM_19,100,33.14,85.21,75.05,51.91,85,0
35,Host_5,VM_05,79.42,42.28,67.46,70.87,51.66,95,0
35,Host_5,VM_10,88.67,38.96,0.65,70.87,51.66,95,0
35,Host_5,VM_15,46.32,61.21,100,70.87,51.66,95,0
35,Host_5,VM_20,69.07,64.19,33.87,70.87,51.66,95,0
36,Host_1,VM_01,47.08,75.69,56.79,63.01,62.66,80,0
36,Host_1,VM_06,55.24,62.29,38.04,63.01,62.66,80,0
36,Host_1,VM_11,73.87,56.84,37.17,63.01,62.66,80,0
36,Host_1,VM_16,75.85,55.84,24.32,63.01,62.66,80,0
36,Host_2,VM_02,74.61,35.66,61.68,75.67,49.79,90,0
36,Host_2,VM_07,99.01,38.24,82.86,75.67,49.79,90,0
36,Host_2,VM_12,79.77,58.32,27.14,75.67,49.79,90,0
36,Host_2,VM_17,49.28,66.94,73.54,75.67,49.79,90,0
36,Host_3,VM_03,85.85,53.69,95.97,77.22,54.25,70,0
36,Host_3,VM_08,81.42,56.96,100,77.22,54.25,70,0
36,Host_3,VM_13,52.78,57.91,70.75,77.22,54.25,70,0
36,Host_3,VM_18,88.82,48.44,53.28,77.22,54.25,70,0
36,Host_4,VM_04,81.17,62.63,21.36,79.5,50.51,85,0
36,Host_4,VM_09,77.41,62.99,29.03,79.5,50.51,85,0
36,Host_4,VM_14,83.36,41.01,12.77,79.5,50.51,85,0
36,Host_4,VM_19,76.05,35.39,83.45,79.5,50.51,85,0
36,Host_5,VM_05,75.08,33.35,61.18,76.53,52.24,95,0
36,Host_5,VM_10,100,42.16,5.2,76.53,52.24,95,0
36,Host_5,VM_15,52.68,58.75,100,76.53,52.24,95,0
36,Host_5,VM_20,78.37,74.71,34.85,76.53,52.24,95,0
37,Host_1,VM_01,58.59,62.1,50.93,68.97,60.91,80,0
37,Host_1,VM_06,88.99,62.45,30.71,68.97,60.91,80,0
37,Host_1,VM_11,80.8,59.75,40.06,68.97,60.91,80,0
37,Host_1,VM_16,47.49,59.32,30.06,68.97,60.91,80,0
37,Host_2,VM_02,69.2,37.76,60.38,70.51,46.17,90,0
37,Host_2,VM_07,62.1,29.47,84.9,70.51,46.17,90,0
37,Host_2,VM_12,58.98,62.38,33.96,70.51,46.17,90,0
37,Host_2,VM_17,91.77,55.05,63.58,70.51,46.17,90,0
37,Host_3,VM_03,90.09,53.96,100,82.13,52.38,70,1
37,Host_3,VM_08,80.7,45.02,100,82.13,52.38,70,1
37,Host_3,VM_13,57.75,66.29,74.41,82.13,52.38,70,1
37,Host_3,VM_18,100,44.27,58.94,82.13,52.38,70,1
37,Host_4,VM_04,90.73,67.59,27.62,80.55,52.95,85,0
37,Host_4,VM_09,76.31,63.65,38.91,80.55,52.95,85,0
37,Host_4,VM_14,92.95,41.3,20.8,80.55,52.95,85,0
37,Host_4,VM_19,62.19,39.26,84.83,80.55,52.95,85,0
37,Host_5,VM_05,70.23,33.55,61.26,71.39,46.15,95,0
37,Host_5,VM_10,73.65,38.52,11.74,71.39,46.15,95,0
37,Host_5,VM_15,60.58,57.01,94.31,71.39,46.15,95,0
37,Host_5,VM_20,81.1,55.54,37.94,71.39,46.15,95,0
38,Host_1,VM_01,70.91,66.28,51.0,63.47,63.89,80,0
38,Host_1,VM_06,64.85,62.79,34.54,63.47,63.89,80,0
38,Host_1,VM_11,76.23,64.78,32.91,63.47,63.89,80,0
38,Host_1,VM_16,41.89,61.7,34.75,63.47,63.89,80,0
38,Host_2,VM_02,100,34.03,70.74,68.29,48.56,90,0
38,Host_2,VM_07,47.47,33.3,80.99,68.29,48.56,90,0
38,Host_2,VM_12,61.27,63.32,36.1,68.29,48.56,90,0
38,Host_2,VM_17,64.41,63.59,62.82,68.29,48.56,90,0
38,Host_3,VM_03,81.93,59.14,100,82.76,57.28,70,1
38,Host_3,VM_08,84.98,52.41,99.7,82.76,57.28,70,1
38,Host_3,VM_13,81.6,69.51,72.43,82.76,57.28,70,1
38,Host_3,VM_18,82.52,48.05,58.06,82.76,57.28,70,1
38,Host_4,VM_04,50.44,63.84,28.82,72.21,51.15,85,0
38,Host_4,VM_09,100,58.53,32.86,72.21,51.15,85,0
38,Host_4,VM_14,77.22,48.29,17.01,72.21,51.15,85,0
38,Host_4,VM_19,61.17,33.93,77.57,72.21,51.15,85,0
38,Host_5,VM_05,58.34,41.64,54.77,77.53,51.21,95,0
38,Host_5,VM_10,70.0,40.35,15.76,77.53,51.21,95,0
38,Host_5,VM_15,100,67.17,93.81,77.53,51.21,95,0
38,Host_5,VM_20,81.79,55.68,43.45,77.53,51.21,95,0
39,Host_1,VM_01,74.08,60.38,62.0,80.72,60.29,80,0
39,Host_1,VM_06,100,63.39,29.51,80.72,60.29,80,0
39,Host_1,VM_11,85.86,59.4,36.39,80.72,60.29,80,0
39,Host_1,VM_16,62.94,57.98,34.81,80.72,60.29,80,0
39,Host_2,VM_02,95.31,38.93,79.56,69.22,51.64,90,0
39,Host_2,VM_07,36.74,38.21,79.33,69.22,51.64,90,0
39,Host_2,VM_12,75.54,65.46,27.46,69.22,51.64,90,0
39,Host_2,VM_17,69.28,63.95,60.08,69.22,51.64,90,0
39,Host_3,VM_03,100,53.52,100,94.31,51.84,70,1
39,Host_3,VM_08,87.76,46.58,100,94.31,51.84,70,1
39,Host_3,VM_13,89.48,65.82,70.25,94.31,51.84,70,1
39,Host_3,VM_18,100,41.45,51.96,94.31,51.84,70,1
39,Host_4,VM_04,63.04,62.58,40.35,69.34,49.16,85,0
39,Host_4,VM_09,84.67,54.62,31.7,69.34,49.16,85,0
39,Host_4,VM_14,74.01,44.56,16.8,69.34,49.16,85,0
39,Host_4,VM_19,55.63,34.88,84.21,69.34,49.16,85,0
39,Host_5,VM_05,97.11,36.29,54.62,85.13,47.53,95,1
39,Host_5,VM_10,70.86,34.58,16.98,85.13,47.53,95,1
39,Host_5,VM_15,72.56,66.12,87.32,85.13,47.53,95,1
39,Host_5,VM_20,100,53.14,49.3,85.13,47.53,95,1
40,Host_1,VM_01,71.55,69.24,68.92,76.53,65.37,80,0
40,Host_1,VM_06,100,71.18,26.89,76.53,65.37,80,0
40,Host_1,VM_11,77.57,57.48,45.71,76.53,65.37,80,0
40,Host_1,VM_16,57.01,63.57,40.54,76.53,65.37,80,0
40,Host_2,VM_02,50.95,41.83,86.51,63.57,49.85,90,0
40,Host_2,VM_07,34.29,33.13,89.62,63.57,49.85,90,0
40,Host_2,VM_12,100,62.89,23.01,63.57,49.85,90,0
40,Host_2,VM_17,69.03,61.56,67.55,63.57,49.85,90,0
40,Host_3,VM_03,100,49.46,100,84.27,51.47,70,1
40,Host_3,VM_08,100,44.33,100,84.27,51.47,70,1
40,Host_3,VM_13,57.62,65.5,67.21,84.27,51.47,70,1
40,Host_3,VM_18,79.48,46.58,46.05,84.27,51.47,70,1
40,Host_4,VM_04,70.05,64.02,40.57,80.64,48.42,85,0
40,Host_4,VM_09,100,57.42,36.74,80.64,48.42,85,0
40,Host_4,VM_14,69.85,43.16,10.57,80.64,48.42,85,0
40,Host_4,VM_19,82.68,29.07,86.71,80.64,48.42,85,0
40,Host_5,VM_05,87.37,34.8,57.61,75.42,47.57,95,0
40,Host_5,VM_10,50.85,38.04,24.28,75.42,47.57,95,0
40,Host_5,VM_15,79.93,65.74,79.43,75.42,47.57,95,0
40,Host_5,VM_20,83.54,51.69,45.46,75.42,47.57,95,0
41,Host_1,VM_01,79.46,60.35,69.57,80.88,60.75,80,0
41,Host_1,VM_06,77.16,62.54,18.97,80.88,60.75,80,0
41,Host_1,VM_11,100,58.93,42.54,80.88,60.75,80,0
41,Host_1,VM_16,66.9,61.2,38.87,80.88,60.75,80,0
41,Host_2,VM_02,41.58,37.12,87.0,62.14,47.48,90,0
41,Host_2,VM_07,36.86,27.89,87.14,62.14,47.48,90,0
41,Host_2,VM_12,82.38,65.87,21.57,62.14,47.48,90,0
41,Host_2,VM_17,87.73,59.02,61.33,62.14,47.48,90,0
41,Host_3,VM_03,100,48.5,100,78.76,51.25,70,0
41,Host_3,VM_08,69.14,49.84,100,78.76,51.25,70,0
41,Host_3,VM_13,70.99,65.22,72.84,78.76,51.25,70,0
41,Host_3,VM_18,74.94,41.45,40.29,78.76,51.25,70,0
41,Host_4,VM_04,100,64.91,42.02,84.85,47.43,85,0
41,Host_4,VM_09,87.65,55.82,33.96,84.85,47.43,85,0
41,Host_4,VM_14,95.58,38.51,19.6,84.85,47.43,85,0
41,Host_4,VM_19,56.18,30.5,90.54,84.85,47.43,85,0
41,Host_5,VM_05,50.12,36.78,51.32,69.77,47.49,95,0
41,Host_5,VM_10,78.31,34.9,29.52,69.77,47.49,95,0
41,Host_5,VM_15,83.52,67.64,74.53,69.77,47.49,95,0
41,Host_5,VM_20,67.13,50.63,44.8,69.77,47.49,95,0
42,Host_1,VM_01,100,57.02,74.83,92.78,56.09,80,1
42,Host_1,VM_06,87.1,62.82,24.03,92.78,56.09,80,1
42,Host_1,VM_11,84.02,44.06,40.01,92.78,56.09,80,1
42,Host_1,VM_16,100,60.48,33.59,92.78,56.09,80,1
42,Host_2,VM_02,40.27,39.28,95.12,69.43,49.63,90,0
42,Host_2,VM_07,76.82,36.76,83.74,69.43,49.63,90,0
42,Host_2,VM_12,76.54,60.35,29.48,69.43,49.63,90,0
42,Host_2,VM_17,84.1,62.14,60.39,69.43,49.63,90,0
42,Host_3,VM_03,69.35,46.51,100,75.59,48.27,70,0
42,Host_3,VM_08,64.74,40.41,100,75.59,48.27,70,0
42,Host_3,VM_13,100,63.56,66.13,75.59,48.27,70,0
42,Host_3,VM_18,68.28,42.62,40.76,75.59,48.27,70,0
42,Host_4,VM_04,85.74,66.48,50.29,66.02,48.76,85,0
42,Host_4,VM_09,75.33,49.63,43.5,66.02,48.76,85,0
42,Host_4,VM_14,59.94,43.97,16.49,66.02,48.76,85,0
42,Host_4,VM_19,43.05,34.97,82.85,66.02,48.76,85,0
42,Host_5,VM_05,37.62,31.52,48.17,61.1,44.52,95,0
42,Host_5,VM_10,45.26,32.65,29.81,61.1,44.52,95,0
42,Host_5,VM_15,78.5,65.64,66.43,61.1,44.52,95,0
42,Host_5,VM_20,83.04,48.27,42.43,61.1,44.52,95,0
43,Host_1,VM_01,91.94,60.12,80.37,83.57,59.08,80,0
43,Host_1,VM_06,88.57,59.81,21.07,83.57,59.08,80,0
43,Host_1,VM_11,77.15,55.64,45.14,83.57,59.08,80,0
43,Host_1,VM_16,76.63,60.73,31.72,83.57,59.08,80,0
43,Host_2,VM_02,74.18,40.43,91.86,70.46,56.34,90,0
43,Host_2,VM_07,37.81,47.27,83.46,70.46,56.34,90,0
43,Host_2,VM_12,81.87,67.33,37.96,70.46,56.34,90,0
43,Host_2,VM_17,88.0,70.32,64.6,70.46,56.34,90,0
43,Host_3,VM_03,66.06,47.5,100,74.19,45.93,70,0
43,Host_3,VM_08,81.52,39.22,98.62,74.19,45.93,70,0
43,Host_3,VM_13,82.94,63.01,68.82,74.19,45.93,70,0
43,Host_3,VM_18,66.24,33.97,35.84,74.19,45.93,70,0
43,Host_4,VM_04,100,58.94,50.55,80.28,45.16,85,0
43,Host_4,VM_09,100,53.04,42.71,80.28,45.16,85,0
43,Host_4,VM_14,53.02,41.2,10.54,80.28,45.16,85,0
43,Host_4,VM_19,68.12,27.44,74.46,80.28,45.16,85,0
43,Host_5,VM_05,36.26,30.6,42.49,68.36,40.78,95,0
43,Host_5,VM_10,79.75,32.53,37.95,68.36,40.78,95,0
43,Host_5,VM_15,89.82,58.74,57.21,68.36,40.78,95,0
43,Host_5,VM_20,67.61,41.25,32.21,68.36,40.78,95,0
44,Host_1,VM_01,100,61.14,79.83,80.72,59.0,80,0
44,Host_1,VM_06,84.27,66.81,29.0,80.72,59.0,80,0
44,Host_1,VM_11,64.41,45.65,44.65,80.72,59.0,80,0
44,Host_1,VM_16,74.21,62.41,38.81,80.72,59.0,80,0
44,Host_2,VM_02,74.66,36.52,92.03,81.07,52.57,90,0
44,Host_2,VM_07,82.25,51.83,81.36,81.07,52.57,90,0
44,Host_2,VM_12,84.65,61.51,34.68,81.07,52.57,90,0
44,Host_2,VM_17,82.72,60.42,57.75,81.07,52.57,90,0
44,Host_3,VM_03,80.85,44.46,92.7,81.57,46.09,70,1
44,Host_3,VM_08,55.45,35.21,100,81.57,46.09,70,1
44,Host_3,VM_13,100,66.13,72.02,81.57,46.09,70,1
44,Host_3,VM_18,89.99,38.55,40.18,81.57,46.09,70,1
44,Host_4,VM_04,79.6,66.8,51.35,59.69,48.55,85,0
44,Host_4,VM_09,73.17,47.93,46.52,59.69,48.55,85,0
44,Host_4,VM_14,45.97,36.52,4.07,59.69,48.55,85,0
44,Host_4,VM_19,40.03,42.97,74.84,59.69,48.55,85,0
44,Host_5,VM_05,80.48,41.79,48.71,66.57,45.53,95,0
44,Host_5,VM_10,31.62,37.02,32.08,66.57,45.53,95,0
44,Host_5,VM_15,91.42,64.17,67.37,66.57,45.53,95,0
44,Host_5,VM_20,62.77,39.13,39.37,66.57,45.53,95,0
45,Host_1,VM_01,77.3,53.51,90.54,82.81,57.51,80,0
45,Host_1,VM_06,89.1,63.46,34.63,82.81,57.51,80,0
45,Host_1,VM_11,64.84,50.83,34.6,82.81,57.51,80,0
45,Host_1,VM_16,100,62.26,48.66,82.81,57.51,80,0
45,Host_2,VM_02,31.29,32.95,97.56,59.98,49.88,90,0
45,Host_2,VM_07,46.02,48.15,84.52,59.98,49.88,90,0
45,Host_2,VM_12,76.89,56.65,32.99,59.98,49.88,90,0
45,Host_2,VM_17,85.73,61.78,56.74,59.98,49.88,90,0
45,Host_3,VM_03,51.15,41.43,95.08,56.94,45.31,70,0
45,Host_3,VM_08,43.98,37.19,97.48,56.94,45.31,70,0
45,Host_3,VM_13,88.55,67.63,78.33,56.94,45.31,70,0
45,Host_3,VM_18,44.1,35.01,36.62,56.94,45.31,70,0
45,Host_4,VM_04,89.04,63.63,50.36,62.21,45.64,85,0
45,Host_4,VM_09,63.24,41.86,39.43,62.21,45.64,85,0
45,Host_4,VM_14,35.95,33.38,10.96,62.21,45.64,85,0
45,Host_4,VM_19,60.62,43.68,69.26,62.21,45.64,85,0
45,Host_5,VM_05,34.23,38.64,48.13,49.34,45.5,95,0
45,Host_5,VM_10,27.75,36.85,32.18,49.34,45.5,95,0
45,Host_5,VM_15,81.79,58.91,68.5,49.34,45.5,95,0
45,Host_5,VM_20,53.57,47.59,41.52,49.34,45.5,95,0
46,Host_1,VM_01,81.33,59.8,89.73,77.66,55.53,80,0
46,Host_1,VM_06,83.07,58.6,44.69,77.66,55.53,80,0
46,Host_1,VM_11,60.24,41.33,39.75,77.66,55.53,80,0
46,Host_1,VM_16,86.0,62.4,41.14,77.66,55.53,80,0
46,Host_2,VM_02,85.56,37.69,88.38,79.48,52.02,90,0
46,Host_2,VM_07,51.7,47.15,90.24,79.48,52.02,90,0
46,Host_2,VM_12,100,56.47,39.27,79.48,52.02,90,0
46,Host_2,VM_17,80.67,66.77,62.84,79.48,52.02,90,0
46,Host_3,VM_03,71.66,35.06,96.76,74.99,44.06,70,0
46,Host_3,VM_08,69.54,36.96,90.28,74.99,44.06,70,0
46,Host_3,VM_13,79.97,68.69,81.31,74.99,44.06,70,0
46,Host_3,VM_18,78.77,35.54,44.33,74.99,44.06,70,0
46,Host_4,VM_04,74.9,61.61,59.1,60.5,44.59,85,0
46,Host_4,VM_09,55.96,43.14,44.36,60.5,44.59,85,0
46,Host_4,VM_14,78.29,31.94,11.09,60.5,44.59,85,0
46,Host_4,VM_19,32.84,41.66,64.27,60.5,44.59,85,0
46,Host_5,VM_05,27.08,40.39,55.44,46.05,46.56,95,0
46,Host_5,VM_10,28.82,38.13,26.36,46.05,46.56,95,0
46,Host_5,VM_15,77.42,64.51,72.88,46.05,46.56,95,0
46,Host_5,VM_20,50.9,43.2,36.48,46.05,46.56,95,0
47,Host_1,VM_01,67.78,54.38,85.41,70.11,57.17,80,0
47,Host_1,VM_06,73.1,63.18,40.15,70.11,57.17,80,0
47,Host_1,VM_11,55.82,46.0,38.41,70.11,57.17,80,0
47,Host_1,VM_16,83.75,65.13,49.7,70.11,57.17,80,0
47,Host_2,VM_02,40.13,30.51,92.28,61.87,47.99,90,0
47,Host_2,VM_07,51.4,47.78,96.2,61.87,47.99,90,0
47,Host_2,VM_12,79.21,55.02,38.72,61.87,47.99,90,0
47,Host_2,VM_17,76.73,58.63,59.93,61.87,47.99,90,0
47,Host_3,VM_03,47.28,43.31,92.84,61.15,45.05,70,0
47,Host_3,VM_08,40.06,38.9,95.38,61.15,45.05,70,0
47,Host_3,VM_13,79.97,60.59,72.78,61.15,45.05,70,0
47,Host_3,VM_18,77.27,37.4,49.36,61.15,45.05,70,0
47,Host_4,VM_04,85.08,60.56,55.91,67.44,45.61,85,0
47,Host_4,VM_09,59.03,46.93,46.29,67.44,45.61,85,0
47,Host_4,VM_14,39.21,34.12,7.36,67.44,45.61,85,0
47,Host_4,VM_19,86.44,40.83,56.57,67.44,45.61,85,0
47,Host_5,VM_05,37.04,37.34,64.35,46.47,41.49,95,0
47,Host_5,VM_10,38.61,31.75,28.57,46.47,41.49,95,0
47,Host_5,VM_15,69.86,58.54,65.94,46.47,41.49,95,0
47,Host_5,VM_20,40.36,38.34,42.13,46.47,41.49,95,0
48,Host_1,VM_01,67.41,57.61,92.54,73.33,54.49,80,0
48,Host_1,VM_06,68.71,58.11,45.49,73.33,54.49,80,0
48,Host_1,VM_11,73.53,42.08,39.79,73.33,54.49,80,0
48,Host_1,VM_16,83.68,60.18,41.12,73.33,54.49,80,0
48,Host_2,VM_02,40.08,38.83,89.73,62.73,50.98,90,0
48,Host_2,VM_07,66.64,52.61,99.35,62.73,50.98,90,0
48,Host_2,VM_12,59.66,50.26,40.16,62.73,50.98,90,0
48,Host_2,VM_17,84.55,62.21,62.24,62.73,50.98,90,0
48,Host_3,VM_03,38.5,38.92,99.9,45.16,41.81,70,0
48,Host_3,VM_08,42.36,34.19,100,45.16,41.81,70,0
48,Host_3,VM_13,71.74,58.06,80.7,45.16,41.81,70,0
48,Host_3,VM_18,28.05,36.09,52.85,45.16,41.81,70,0
48,Host_4,VM_04,76.46,60.99,65.39,60.45,44.87,85,0
48,Host_4,VM_09,34.99,43.6,44.38,60.45,44.87,85,0
48,Host_4,VM_14,46.31,32.45,15.22,60.45,44.87,85,0
48,Host_4,VM_19,84.05,42.46,45.45,60.45,44.87,85,0
48,Host_5,VM_05,42.34,42.18,72.94,43.54,43.52,95,0
48,Host_5,VM_10,32.55,40.12,23.82,43.54,43.52,95,0
48,Host_5,VM_15,58.6,54.46,70.17,43.54,43.52,95,0
48,Host_5,VM_20,40.68,37.34,43.66,43.54,43.52,95,0
49,Host_1,VM_01,69.67,48.67,91.87,67.26,52.44,80,0
49,Host_1,VM_06,65.48,59.3,48.44,67.26,52.44,80,0
49,Host_1,VM_11,50.19,39.49,39.66,67.26,52.44,80,0
49,Host_1,VM_16,83.7,62.29,34.72,67.26,52.44,80,0
49,Host_2,VM_02,47.7,40.43,97.39,62.49,54.31,90,0
49,Host_2,VM_07,72.39,53.59,95.37,62.49,54.31,90,0
49,Host_2,VM_12,60.38,58.12,42.29,62.49,54.31,90,0
49,Host_2,VM_17,69.49,65.09,56.09,62.49,54.31,90,0
49,Host_3,VM_03,48.53,36.47,98.11,56.3,39.08,70,0
49,Host_3,VM_08,39.48,35.3,98.65,56.3,39.08,70,0
49,Host_3,VM_13,67.09,48.31,81.22,56.3,39.08,70,0
49,Host_3,VM_18,70.08,36.22,46.63,56.3,39.08,70,0
49,Host_4,VM_04,62.14,64.2,74.54,52.81,42.58,85,0
49,Host_4,VM_09,42.34,31.28,57.17,52.81,42.58,85,0
49,Host_4,VM_14,39.48,28.15,9.91,52.81,42.58,85,0
49,Host_4,VM_19,67.3,46.68,41.52,52.81,42.58,85,0
49,Host_5,VM_05,72.0,41.3,65.59,54.3,41.42,95,0
49,Host_5,VM_10,45.83,32.78,26.73,54.3,41.42,95,0
49,Host_5,VM_15,66.32,51.44,70.61,54.3,41.42,95,0
49,Host_5,VM_20,33.06,40.16,46.31,54.3,41.42,95,0
50,Host_1,VM_01,52.37,54.15,94.73,53.08,48.96,80,0
50,Host_1,VM_06,57.47,49.93,44.28,53.08,48.96,80,0
50,Host_1,VM_11,42.04,39.66,43.29,53.08,48.96,80,0
50,Host_1,VM_16,60.43,52.09,38.79,53.08,48.96,80,0
50,Host_2,VM_02,49.07,41.27,93.89,67.83,50.21,90,0
50,Host_2,VM_07,100,49.32,99.35,67.83,50.21,90,0
50,Host_2,VM_12,55.32,54.91,48.06,67.83,50.21,90,0
50,Host_2,VM_17,66.95,55.32,61.07,67.83,50.21,90,0
50,Host_3,VM_03,30.93,36.47,100,44.92,37.85,70,0
50,Host_3,VM_08,51.53,32.31,90.89,44.92,37.85,70,0
50,Host_3,VM_13,67.51,50.89,82.85,44.92,37.85,70,0
50,Host_3,VM_18,29.72,31.74,40.27,44.92,37.85,70,0
50,Host_4,VM_04,61.23,60.82,83.76,59.2,46.1,85,0
50,Host_4,VM_09,34.96,38.8,54.41,59.2,46.1,85,0
50,Host_4,VM_14,42.24,41.76,6.47,59.2,46.1,85,0
50,Host_4,VM_19,98.37,43.0,38.98,59.2,46.1,85,0
50,Host_5,VM_05,42.27,44.88,59.14,47.11,41.86,95,0
50,Host_5,VM_10,45.49,38.76,28.26,47.11,41.86,95,0
50,Host_5,VM_15,59.41,45.3,70.76,47.11,41.86,95,0
50,Host_5,VM_20,41.26,38.52,57.87,47.11,41.86,95,0
